{
  "new1.jpg": 40.976430976430976,
  "new2.jpg": 41.515151515151516,
  "new3.jpg": 42.35690235690236,
  "new4.jpg": 42.49158249158249
}